ID,Name,Age,Department
1,John Doe,28,Engineering
2,Jane Smith,34,Marketing
3,Alice Brown,40,Sales
4,Bob White,45,HR
5,Charlie Black,38,Finance
1,John Doe,28,Engineering
2,Jane Smith,34,Marketing
3,Alice Brown,40,Sales
4,Bob White,45,HR
5,Charlie Black,38,Finance
1,John Doe,28,Engineering
2,Jane Smith,34,Marketing
3,Alice Brown,40,Sales
4,Bob White,45,HR
5,Charlie Black,38,Finance
1,John Doe,28,Engineering
2,Jane Smith,34,Marketing
3,Alice Brown,40,Sales
4,Bob White,45,HR
5,Charlie Black,38,Finance
1,John Doe,28,Engineering
2,Jane Smith,34,Marketing
3,Alice Brown,40,Sales
4,Bob White,45,HR
5,Charlie Black,38,Finance
1,John Doe,28,Engineering
2,Jane Smith,34,Marketing
3,Alice Brown,40,Sales
4,Bob White,45,HR
5,Charlie Black,38,Finance
1,John Doe,28,Engineering
2,Jane Smith,34,Marketing
3,Alice Brown,40,Sales
4,Bob White,45,HR
5,Charlie Black,38,Finance
1,John Doe,28,Engineering
2,Jane Smith,34,Marketing
3,Alice Brown,40,Sales
4,Bob White,45,HR
5,Charlie Black,38,Finance
1,John Doe,28,Engineering
2,Jane Smith,34,Marketing
3,Alice Brown,40,Sales
4,Bob White,45,HR
5,Charlie Black,38,Finance
1,John Doe,28,Engineering
2,Jane Smith,34,Marketing
3,Alice Brown,40,Sales
4,Bob White,45,HR
5,Charlie Black,38,Finance
1,John Doe,28,Engineering
2,Jane Smith,34,Marketing
3,Alice Brown,40,Sales
4,Bob White,45,HR
5,Charlie Black,38,Finance
1,John Doe,28,Engineering
2,Jane Smith,34,Marketing
3,Alice Brown,40,Sales
4,Bob White,45,HR
5,Charlie Black,38,Finance
1,John Doe,28,Engineering
2,Jane Smith,34,Marketing
3,Alice Brown,40,Sales
4,Bob White,45,HR
5,Charlie Black,38,Finance
1,John Doe,28,Engineering
2,Jane Smith,34,Marketing
3,Alice Brown,40,Sales
4,Bob White,45,HR
5,Charlie Black,38,Finance
1,John Doe,28,Engineering
2,Jane Smith,34,Marketing
3,Alice Brown,40,Sales
4,Bob White,45,HR
5,Charlie Black,38,Finance
1,John Doe,28,Engineering
2,Jane Smith,34,Marketing
3,Alice Brown,40,Sales
4,Bob White,45,HR
5,Charlie Black,38,Finance
1,John Doe,28,Engineering
2,Jane Smith,34,Marketing
3,Alice Brown,40,Sales
4,Bob White,45,HR
5,Charlie Black,38,Finance
1,John Doe,28,Engineering
2,Jane Smith,34,Marketing
3,Alice Brown,40,Sales
4,Bob White,45,HR
5,Charlie Black,38,Finance
1,John Doe,28,Engineering
2,Jane Smith,34,Marketing
3,Alice Brown,40,Sales
4,Bob White,45,HR
5,Charlie Black,38,Finance
1,John Doe,28,Engineering
2,Jane Smith,34,Marketing
3,Alice Brown,40,Sales
4,Bob White,45,HR